Age,Gender,Tenure,Usage_Frequency,Support_Calls,Last_Interaction,Payment_Delay,Subscription_Type,Total_Spend,Contract_Length
-0.7658831882425362,-1.1162566091495678,0.4437755186938246,-0.1989514697188625,0.3723138567357022,0.2775722839358623,0.5328436717053513,-0.013675707620064516,1.2715167517035764,1.0826025155980052
1.996424729214844,-1.1162566091495678,1.023907244145869,-1.7071921035811324,1.9679230141716102,-1.0002674989402485,-0.6504232154173828,-1.2426066119072015,-0.2571050857435653,-1.5479660144583924
1.2071938956555925,-1.1162566091495678,-1.0065537949362866,-1.3591365726898392,0.6914356882228838,-1.3487692579064605,0.5328436717053513,-1.2426066119072015,-1.7734979484911297,-0.23268174943019354
1.443963145723368,0.8958513587318071,0.38576234614862015,0.6131781023608213,1.0105575197100654,1.6715793198007105,-0.7687499041296562,-0.013675707620064516,-0.9133933946208714,-1.5479660144583924
-1.3183447717340122,0.8958513587318071,0.037683310877393496,0.49715959206372357,0.3723138567357022,0.6260740429020744,-0.6504232154173828,-1.2426066119072015,-0.012525591752022624,-1.5479660144583924
