Cluster,Age,Gender,Tenure,Usage_Frequency,Support_Calls,Last_Interaction,Payment_Delay,Subscription_Type,Total_Spend,Contract_Length
0,42.283028824612934,0.47681585104794144,30.68945088863444,15.330094090705431,5.354000099566884,15.712351271966943,16.145397520784588,2.0031164434709017,529.9724323194106,1.0
1,36.77442194152377,0.4473219956248677,32.699237096103936,16.094363292796714,2.174660299986671,12.535640078721018,10.61227546083943,1.2486611938309067,721.9247704623683,2.447721873309341
2,44.40858044061722,0.4392712058186772,30.57924866412059,15.06371678545655,6.495463280546839,16.31644327681692,18.079066222319526,2.028525789162146,455.7976692857201,2.5111857095364356
3,36.67938013709756,0.787232383613268,31.282011630551313,16.173119781683507,2.0822325460511353,14.244124622331958,10.4870342094149,2.634261395016406,726.1036224943958,2.45264286410448
