Segment,Age,Gender,Tenure,Usage_Frequency,Support_Calls,Last_Interaction,Payment_Delay,Subscription_Type,Total_Spend,Contract_Length
0,0.20353131954562165,-0.15685163604386598,-0.03834580084922109,-0.04463593476024562,0.4852830168561309,0.12798966838582043,0.3133947014622186,-0.009845813927209625,-0.36727823286257755,-1.5479660144583922
1,-0.23122492066344752,-0.21619645754417402,0.07824827318367888,0.044033439532336384,-0.5293137229059957,-0.24104014447213262,-0.341321310131925,-0.9370191861114664,0.4151818626957243,0.3561997856425309
2,0.3712864069128495,-0.2323955158609481,-0.044738981514808436,-0.07554063289217604,0.8495488377456384,0.1981653771417009,0.542199315981409,0.021380516250476052,-0.6696386663579543,0.4396727708303555
3,-0.23872591291647471,0.4677399424929357,-0.003969472284883117,0.05317065004921202,-0.5588094370221502,-0.042570188267133185,-0.35614069270317106,0.7657877221118687,0.4322162212867046,0.3626722874037263
